<annotation>
	<folder>AllImages</folder>
	<filename>Good.86bdff4c-1faa-11ee-9bd3-5800e3851956.jpg</filename>
	<path>D:\new_anaconda\AllImages\Good.86bdff4c-1faa-11ee-9bd3-5800e3851956.jpg</path>
	<source>
		<database>Unknown</database>
	</source>
	<size>
		<width>640</width>
		<height>480</height>
		<depth>3</depth>
	</size>
	<segmented>0</segmented>
	<object>
		<name>Good</name>
		<pose>Unspecified</pose>
		<truncated>0</truncated>
		<difficult>0</difficult>
		<bndbox>
			<xmin>186</xmin>
			<ymin>130</ymin>
			<xmax>457</xmax>
			<ymax>440</ymax>
		</bndbox>
	</object>
</annotation>
