<annotation>
	<folder>AllImages</folder>
	<filename>Good.858455d9-1faa-11ee-a75d-5800e3851956.jpg</filename>
	<path>D:\new_anaconda\AllImages\Good.858455d9-1faa-11ee-a75d-5800e3851956.jpg</path>
	<source>
		<database>Unknown</database>
	</source>
	<size>
		<width>640</width>
		<height>480</height>
		<depth>3</depth>
	</size>
	<segmented>0</segmented>
	<object>
		<name>Good</name>
		<pose>Unspecified</pose>
		<truncated>0</truncated>
		<difficult>0</difficult>
		<bndbox>
			<xmin>223</xmin>
			<ymin>116</ymin>
			<xmax>557</xmax>
			<ymax>471</ymax>
		</bndbox>
	</object>
</annotation>
