<annotation>
	<folder>AllImages</folder>
	<filename>GoodBye.51721477-1faa-11ee-ba8b-5800e3851956.jpg</filename>
	<path>D:\new_anaconda\AllImages\GoodBye.51721477-1faa-11ee-ba8b-5800e3851956.jpg</path>
	<source>
		<database>Unknown</database>
	</source>
	<size>
		<width>640</width>
		<height>480</height>
		<depth>3</depth>
	</size>
	<segmented>0</segmented>
	<object>
		<name>GoodBye</name>
		<pose>Unspecified</pose>
		<truncated>0</truncated>
		<difficult>0</difficult>
		<bndbox>
			<xmin>52</xmin>
			<ymin>105</ymin>
			<xmax>243</xmax>
			<ymax>417</ymax>
		</bndbox>
	</object>
</annotation>
