<annotation>
	<folder>AllImages</folder>
	<filename>GoodBye.450e0f17-1faa-11ee-b96c-5800e3851956.jpg</filename>
	<path>D:\new_anaconda\AllImages\GoodBye.450e0f17-1faa-11ee-b96c-5800e3851956.jpg</path>
	<source>
		<database>Unknown</database>
	</source>
	<size>
		<width>640</width>
		<height>480</height>
		<depth>3</depth>
	</size>
	<segmented>0</segmented>
	<object>
		<name>GoodBye</name>
		<pose>Unspecified</pose>
		<truncated>0</truncated>
		<difficult>0</difficult>
		<bndbox>
			<xmin>99</xmin>
			<ymin>94</ymin>
			<xmax>290</xmax>
			<ymax>434</ymax>
		</bndbox>
	</object>
</annotation>
