<annotation>
	<folder>AllImages</folder>
	<filename>Good.8e19b87d-1faa-11ee-97a3-5800e3851956.jpg</filename>
	<path>D:\new_anaconda\AllImages\Good.8e19b87d-1faa-11ee-97a3-5800e3851956.jpg</path>
	<source>
		<database>Unknown</database>
	</source>
	<size>
		<width>640</width>
		<height>480</height>
		<depth>3</depth>
	</size>
	<segmented>0</segmented>
	<object>
		<name>Good</name>
		<pose>Unspecified</pose>
		<truncated>0</truncated>
		<difficult>0</difficult>
		<bndbox>
			<xmin>168</xmin>
			<ymin>110</ymin>
			<xmax>437</xmax>
			<ymax>434</ymax>
		</bndbox>
	</object>
</annotation>
