<annotation>
	<folder>AllImages</folder>
	<filename>GoodBye.478486a9-1faa-11ee-9c7f-5800e3851956.jpg</filename>
	<path>D:\new_anaconda\AllImages\GoodBye.478486a9-1faa-11ee-9c7f-5800e3851956.jpg</path>
	<source>
		<database>Unknown</database>
	</source>
	<size>
		<width>640</width>
		<height>480</height>
		<depth>3</depth>
	</size>
	<segmented>0</segmented>
	<object>
		<name>GoodBye</name>
		<pose>Unspecified</pose>
		<truncated>1</truncated>
		<difficult>0</difficult>
		<bndbox>
			<xmin>462</xmin>
			<ymin>78</ymin>
			<xmax>640</xmax>
			<ymax>373</ymax>
		</bndbox>
	</object>
</annotation>
