<annotation>
	<folder>AllImages</folder>
	<filename>GoodBye.4649c34b-1faa-11ee-b0e2-5800e3851956.jpg</filename>
	<path>D:\new_anaconda\AllImages\GoodBye.4649c34b-1faa-11ee-b0e2-5800e3851956.jpg</path>
	<source>
		<database>Unknown</database>
	</source>
	<size>
		<width>640</width>
		<height>480</height>
		<depth>3</depth>
	</size>
	<segmented>0</segmented>
	<object>
		<name>GoodBye</name>
		<pose>Unspecified</pose>
		<truncated>0</truncated>
		<difficult>0</difficult>
		<bndbox>
			<xmin>103</xmin>
			<ymin>251</ymin>
			<xmax>289</xmax>
			<ymax>440</ymax>
		</bndbox>
	</object>
</annotation>
