<annotation>
	<folder>AllImages</folder>
	<filename>Good.81d47ae8-1faa-11ee-8f9a-5800e3851956.jpg</filename>
	<path>D:\new_anaconda\AllImages\Good.81d47ae8-1faa-11ee-8f9a-5800e3851956.jpg</path>
	<source>
		<database>Unknown</database>
	</source>
	<size>
		<width>640</width>
		<height>480</height>
		<depth>3</depth>
	</size>
	<segmented>0</segmented>
	<object>
		<name>Good</name>
		<pose>Unspecified</pose>
		<truncated>0</truncated>
		<difficult>0</difficult>
		<bndbox>
			<xmin>162</xmin>
			<ymin>157</ymin>
			<xmax>379</xmax>
			<ymax>430</ymax>
		</bndbox>
	</object>
</annotation>
