<annotation>
	<folder>AllImages</folder>
	<filename>Good.956b804e-1faa-11ee-9464-5800e3851956.jpg</filename>
	<path>D:\new_anaconda\AllImages\Good.956b804e-1faa-11ee-9464-5800e3851956.jpg</path>
	<source>
		<database>Unknown</database>
	</source>
	<size>
		<width>640</width>
		<height>480</height>
		<depth>3</depth>
	</size>
	<segmented>0</segmented>
	<object>
		<name>Good</name>
		<pose>Unspecified</pose>
		<truncated>0</truncated>
		<difficult>0</difficult>
		<bndbox>
			<xmin>149</xmin>
			<ymin>50</ymin>
			<xmax>413</xmax>
			<ymax>392</ymax>
		</bndbox>
	</object>
</annotation>
