<annotation>
	<folder>AllImages</folder>
	<filename>Good.91c17466-1faa-11ee-87d3-5800e3851956.jpg</filename>
	<path>D:\new_anaconda\AllImages\Good.91c17466-1faa-11ee-87d3-5800e3851956.jpg</path>
	<source>
		<database>Unknown</database>
	</source>
	<size>
		<width>640</width>
		<height>480</height>
		<depth>3</depth>
	</size>
	<segmented>0</segmented>
	<object>
		<name>Good</name>
		<pose>Unspecified</pose>
		<truncated>1</truncated>
		<difficult>0</difficult>
		<bndbox>
			<xmin>219</xmin>
			<ymin>266</ymin>
			<xmax>489</xmax>
			<ymax>480</ymax>
		</bndbox>
	</object>
</annotation>
