<annotation>
	<folder>AllImages</folder>
	<filename>Good.830e8158-1faa-11ee-8006-5800e3851956.jpg</filename>
	<path>D:\new_anaconda\AllImages\Good.830e8158-1faa-11ee-8006-5800e3851956.jpg</path>
	<source>
		<database>Unknown</database>
	</source>
	<size>
		<width>640</width>
		<height>480</height>
		<depth>3</depth>
	</size>
	<segmented>0</segmented>
	<object>
		<name>Good</name>
		<pose>Unspecified</pose>
		<truncated>1</truncated>
		<difficult>0</difficult>
		<bndbox>
			<xmin>179</xmin>
			<ymin>143</ymin>
			<xmax>524</xmax>
			<ymax>480</ymax>
		</bndbox>
	</object>
</annotation>
