<annotation>
	<folder>AllImages</folder>
	<filename>GoodBye.48c878b3-1faa-11ee-bc74-5800e3851956.jpg</filename>
	<path>D:\new_anaconda\AllImages\GoodBye.48c878b3-1faa-11ee-bc74-5800e3851956.jpg</path>
	<source>
		<database>Unknown</database>
	</source>
	<size>
		<width>640</width>
		<height>480</height>
		<depth>3</depth>
	</size>
	<segmented>0</segmented>
	<object>
		<name>GoodBye</name>
		<pose>Unspecified</pose>
		<truncated>1</truncated>
		<difficult>0</difficult>
		<bndbox>
			<xmin>479</xmin>
			<ymin>85</ymin>
			<xmax>640</xmax>
			<ymax>380</ymax>
		</bndbox>
	</object>
</annotation>
