<annotation>
	<folder>AllImages</folder>
	<filename>Good.9088e58e-1faa-11ee-8fe0-5800e3851956.jpg</filename>
	<path>D:\new_anaconda\AllImages\Good.9088e58e-1faa-11ee-8fe0-5800e3851956.jpg</path>
	<source>
		<database>Unknown</database>
	</source>
	<size>
		<width>640</width>
		<height>480</height>
		<depth>3</depth>
	</size>
	<segmented>0</segmented>
	<object>
		<name>Good</name>
		<pose>Unspecified</pose>
		<truncated>0</truncated>
		<difficult>0</difficult>
		<bndbox>
			<xmin>171</xmin>
			<ymin>94</ymin>
			<xmax>408</xmax>
			<ymax>405</ymax>
		</bndbox>
	</object>
</annotation>
