<annotation>
	<folder>AllImages</folder>
	<filename>GoodBye.416726eb-1faa-11ee-8005-5800e3851956.jpg</filename>
	<path>D:\new_anaconda\AllImages\GoodBye.416726eb-1faa-11ee-8005-5800e3851956.jpg</path>
	<source>
		<database>Unknown</database>
	</source>
	<size>
		<width>640</width>
		<height>480</height>
		<depth>3</depth>
	</size>
	<segmented>0</segmented>
	<object>
		<name>GoodBye</name>
		<pose>Unspecified</pose>
		<truncated>0</truncated>
		<difficult>0</difficult>
		<bndbox>
			<xmin>416</xmin>
			<ymin>43</ymin>
			<xmax>611</xmax>
			<ymax>357</ymax>
		</bndbox>
	</object>
</annotation>
