<annotation>
	<folder>AllImages</folder>
	<filename>Hello.a0c3b777-1fa9-11ee-a478-5800e3851956.jpg</filename>
	<path>D:\new_anaconda\AllImages\Hello.a0c3b777-1fa9-11ee-a478-5800e3851956.jpg</path>
	<source>
		<database>Unknown</database>
	</source>
	<size>
		<width>640</width>
		<height>480</height>
		<depth>3</depth>
	</size>
	<segmented>0</segmented>
	<object>
		<name>Hello</name>
		<pose>Unspecified</pose>
		<truncated>0</truncated>
		<difficult>0</difficult>
		<bndbox>
			<xmin>53</xmin>
			<ymin>57</ymin>
			<xmax>257</xmax>
			<ymax>322</ymax>
		</bndbox>
	</object>
</annotation>
