<annotation>
	<folder>AllImages</folder>
	<filename>Hello.a6d6e463-1fa9-11ee-9ae8-5800e3851956.jpg</filename>
	<path>D:\new_anaconda\AllImages\Hello.a6d6e463-1fa9-11ee-9ae8-5800e3851956.jpg</path>
	<source>
		<database>Unknown</database>
	</source>
	<size>
		<width>640</width>
		<height>480</height>
		<depth>3</depth>
	</size>
	<segmented>0</segmented>
	<object>
		<name>Hello</name>
		<pose>Unspecified</pose>
		<truncated>0</truncated>
		<difficult>0</difficult>
		<bndbox>
			<xmin>49</xmin>
			<ymin>70</ymin>
			<xmax>256</xmax>
			<ymax>327</ymax>
		</bndbox>
	</object>
</annotation>
