<annotation>
	<folder>AllImages</folder>
	<filename>Hello.a33309c3-1fa9-11ee-8a20-5800e3851956.jpg</filename>
	<path>D:\new_anaconda\AllImages\Hello.a33309c3-1fa9-11ee-8a20-5800e3851956.jpg</path>
	<source>
		<database>Unknown</database>
	</source>
	<size>
		<width>640</width>
		<height>480</height>
		<depth>3</depth>
	</size>
	<segmented>0</segmented>
	<object>
		<name>Hello</name>
		<pose>Unspecified</pose>
		<truncated>1</truncated>
		<difficult>0</difficult>
		<bndbox>
			<xmin>406</xmin>
			<ymin>57</ymin>
			<xmax>640</xmax>
			<ymax>313</ymax>
		</bndbox>
	</object>
</annotation>
