<annotation>
	<folder>AllImages</folder>
	<filename>IloveYou.19e264e6-1faa-11ee-96c9-5800e3851956.jpg</filename>
	<path>D:\new_anaconda\AllImages\IloveYou.19e264e6-1faa-11ee-96c9-5800e3851956.jpg</path>
	<source>
		<database>Unknown</database>
	</source>
	<size>
		<width>640</width>
		<height>480</height>
		<depth>3</depth>
	</size>
	<segmented>0</segmented>
	<object>
		<name>ILoveYou</name>
		<pose>Unspecified</pose>
		<truncated>0</truncated>
		<difficult>0</difficult>
		<bndbox>
			<xmin>219</xmin>
			<ymin>40</ymin>
			<xmax>545</xmax>
			<ymax>382</ymax>
		</bndbox>
	</object>
</annotation>
