<annotation>
	<folder>AllImages</folder>
	<filename>IloveYou.1b1a6f27-1faa-11ee-bb9e-5800e3851956.jpg</filename>
	<path>D:\new_anaconda\AllImages\IloveYou.1b1a6f27-1faa-11ee-bb9e-5800e3851956.jpg</path>
	<source>
		<database>Unknown</database>
	</source>
	<size>
		<width>640</width>
		<height>480</height>
		<depth>3</depth>
	</size>
	<segmented>0</segmented>
	<object>
		<name>ILoveYou</name>
		<pose>Unspecified</pose>
		<truncated>0</truncated>
		<difficult>0</difficult>
		<bndbox>
			<xmin>84</xmin>
			<ymin>237</ymin>
			<xmax>384</xmax>
			<ymax>451</ymax>
		</bndbox>
	</object>
</annotation>
