<annotation>
	<folder>AllImages</folder>
	<filename>IloveYou.1d86ce03-1faa-11ee-a08f-5800e3851956.jpg</filename>
	<path>D:\new_anaconda\AllImages\IloveYou.1d86ce03-1faa-11ee-a08f-5800e3851956.jpg</path>
	<source>
		<database>Unknown</database>
	</source>
	<size>
		<width>640</width>
		<height>480</height>
		<depth>3</depth>
	</size>
	<segmented>0</segmented>
	<object>
		<name>ILoveYou</name>
		<pose>Unspecified</pose>
		<truncated>0</truncated>
		<difficult>0</difficult>
		<bndbox>
			<xmin>133</xmin>
			<ymin>69</ymin>
			<xmax>457</xmax>
			<ymax>408</ymax>
		</bndbox>
	</object>
</annotation>
