<annotation>
	<folder>AllImages</folder>
	<filename>IloveYou.1640857a-1faa-11ee-bfac-5800e3851956.jpg</filename>
	<path>D:\new_anaconda\AllImages\IloveYou.1640857a-1faa-11ee-bfac-5800e3851956.jpg</path>
	<source>
		<database>Unknown</database>
	</source>
	<size>
		<width>640</width>
		<height>480</height>
		<depth>3</depth>
	</size>
	<segmented>0</segmented>
	<object>
		<name>ILoveYou</name>
		<pose>Unspecified</pose>
		<truncated>0</truncated>
		<difficult>0</difficult>
		<bndbox>
			<xmin>132</xmin>
			<ymin>78</ymin>
			<xmax>463</xmax>
			<ymax>389</ymax>
		</bndbox>
	</object>
</annotation>
