<annotation>
	<folder>AllImages</folder>
	<filename>No.dde44220-1fa9-11ee-9434-5800e3851956.jpg</filename>
	<path>D:\new_anaconda\AllImages\No.dde44220-1fa9-11ee-9434-5800e3851956.jpg</path>
	<source>
		<database>Unknown</database>
	</source>
	<size>
		<width>640</width>
		<height>480</height>
		<depth>3</depth>
	</size>
	<segmented>0</segmented>
	<object>
		<name>No</name>
		<pose>Unspecified</pose>
		<truncated>0</truncated>
		<difficult>0</difficult>
		<bndbox>
			<xmin>89</xmin>
			<ymin>26</ymin>
			<xmax>450</xmax>
			<ymax>284</ymax>
		</bndbox>
	</object>
</annotation>
