<annotation>
	<folder>AllImages</folder>
	<filename>Ok.bf1805c6-1faa-11ee-b7f6-5800e3851956.jpg</filename>
	<path>D:\new_anaconda\AllImages\Ok.bf1805c6-1faa-11ee-b7f6-5800e3851956.jpg</path>
	<source>
		<database>Unknown</database>
	</source>
	<size>
		<width>640</width>
		<height>480</height>
		<depth>3</depth>
	</size>
	<segmented>0</segmented>
	<object>
		<name>Ok</name>
		<pose>Unspecified</pose>
		<truncated>0</truncated>
		<difficult>0</difficult>
		<bndbox>
			<xmin>243</xmin>
			<ymin>4</ymin>
			<xmax>593</xmax>
			<ymax>386</ymax>
		</bndbox>
	</object>
</annotation>
