<annotation>
	<folder>AllImages</folder>
	<filename>Ok.c04f9b41-1faa-11ee-8d15-5800e3851956.jpg</filename>
	<path>D:\new_anaconda\AllImages\Ok.c04f9b41-1faa-11ee-8d15-5800e3851956.jpg</path>
	<source>
		<database>Unknown</database>
	</source>
	<size>
		<width>640</width>
		<height>480</height>
		<depth>3</depth>
	</size>
	<segmented>0</segmented>
	<object>
		<name>Ok</name>
		<pose>Unspecified</pose>
		<truncated>0</truncated>
		<difficult>0</difficult>
		<bndbox>
			<xmin>228</xmin>
			<ymin>2</ymin>
			<xmax>513</xmax>
			<ymax>380</ymax>
		</bndbox>
	</object>
</annotation>
